Internal ID,Maximum of Date,Maximum of Shelf Life in Days
1059,9/3/2026,546
1156,11/4/2025,730
1157,11/4/2025,730
1158,6/20/2024,
1160,7/16/2026,
1163,6/22/2026,546
1166,8/4/2026,546
1167,6/22/2026,546
1168,5/20/2026,730
1169,9/3/2026,546
1170,8/2/2024,
1173,8/4/2026,730
1174,7/10/2026,546
1175,5/20/2026,730
1176,7/10/2026,546
1177,7/10/2026,546
1178,12/5/2024,730
1179,1/23/2026,730
1181,9/2/2026,730
1184,7/30/2026,1825
1185,6/17/2026,1821
1188,7/30/2026,1825
1190,7/30/2026,1825
1192,5/5/2026,300
1194,7/28/2026,300
1535,6/5/2026,730
1810,6/25/2026,730
2028,8/1/2025,546
2063,3/11/2025,546
2070,1/22/2026,546
2088,3/11/2025,546
3376,9/19/2024,1095
3377,9/19/2024,1095
3384,10/6/2025,1095
3388,9/19/2024,1095
3389,10/6/2025,
3390,11/7/2024,
3398,10/6/2025,
3437,8/11/2025,
3439,5/27/2026,365
3440,3/11/2026,1095
3441,8/6/2025,365
3442,6/23/2025,365
3443,8/6/2025,365
3444,5/22/2026,365
3448,5/29/2026,365
3449,4/29/2026,365
3450,9/9/2025,547
3451,12/11/2025,730
3452,7/16/2026,730
3453,1/9/2026,730
3454,5/20/2026,1080
3455,6/16/2026,365
3456,6/16/2026,547
3457,10/3/2025,1821
3466,7/10/2026,365
3467,7/13/2026,730
3469,7/10/2026,730
3476,6/24/2026,243
3478,6/18/2026,243
3479,7/8/2026,730
3480,7/8/2026,730
3481,7/8/2026,730
3487,4/23/2026,486
3491,1/22/2026,365
3492,8/5/2026,365
3495,8/5/2026,365
3496,4/29/2026,
3510,9/11/2025,730
3515,9/2/2026,1095
3518,9/1/2026,1095
3520,6/12/2026,1095
3529,5/7/2026,1095
3531,9/2/2026,1095
3533,6/11/2026,365
3535,8/6/2026,365
3536,8/5/2026,1095
3543,5/20/2026,1821
3544,11/3/2025,1821
3545,6/23/2026,1821
3546,6/23/2026,1821
3547,6/23/2026,1095
3548,4/24/2026,120
3551,11/3/2025,1821
3552,9/29/2025,1095
3553,7/16/2026,730
3554,7/16/2026,730
3562,11/27/2025,365
3615,9/25/2025,730
3618,9/25/2025,730
3619,9/25/2025,730
3621,9/25/2025,730
3640,7/10/2026,456
3641,6/10/2026,730
3642,2/27/2026,730
3643,7/23/2026,730
3644,6/24/2026,365
3645,7/14/2026,1092
3646,7/14/2026,1092
3649,7/16/2026,730
3650,9/25/2025,730
3651,6/19/2026,1460
3652,3/26/2026,1825
3654,4/17/2025,1095
3656,7/23/2026,730
3657,8/18/2026,730
3658,5/12/2026,730
3659,7/23/2026,730
3660,8/18/2026,730
3661,5/12/2026,730
3662,7/18/2025,547
3663,7/14/2026,1457
3664,7/14/2026,1095
3666,5/27/2026,728
3667,7/22/2026,1216
3668,7/22/2026,1216
3670,9/22/2025,1095
3671,8/18/2026,730
3672,7/16/2026,730
3673,8/18/2026,730
3674,7/16/2026,730
3676,5/27/2026,728
3677,4/11/2025,730
3678,11/27/2025,730
3679,4/27/2026,728
3682,3/26/2026,1080
3684,3/27/2025,365
3689,7/29/2026,1095
3690,10/16/2025,730
3692,9/16/2025,1095
3693,7/22/2026,1581
3694,7/6/2026,1080
3696,7/22/2026,1825
3706,7/28/2026,300
3707,7/28/2026,300
3712,12/20/2023,
3713,1/15/2025,300
3714,1/15/2025,
3718,7/28/2026,240
3719,5/5/2026,240
3726,7/28/2026,365
3727,6/24/2026,365
3728,7/28/2026,365
3731,7/28/2026,365
3732,7/28/2026,365
3733,7/28/2026,365
3734,7/28/2026,365
3746,1/22/2026,546
3763,1/22/2026,546
3799,1/22/2026,546
3809,3/14/2025,546
3813,1/22/2026,546
3828,1/22/2026,546
3838,1/22/2026,546
3848,5/21/2026,730
3849,4/18/2025,730
3850,4/22/2026,730
3853,3/25/2025,730
3854,5/21/2026,730
3856,3/25/2025,730
3858,6/25/2026,730
3859,6/25/2026,730
3860,10/31/2025,730
3865,9/24/2025,1825
3869,8/28/2026,365
3870,7/6/2026,365
3876,7/30/2026,360
3877,8/27/2026,365
3878,8/27/2026,365
3880,8/27/2026,365
3883,10/6/2025,1095
3885,10/6/2025,1095
3886,10/6/2025,1095
3887,10/6/2025,1095
3888,10/6/2025,1095
3890,7/16/2026,790
3891,7/16/2026,790
3892,7/16/2026,790
3893,7/6/2026,851
3894,7/16/2026,790
3895,7/16/2026,790
3896,7/16/2026,790
3897,7/16/2026,790
3898,7/16/2026,790
3899,4/24/2026,790
3900,6/11/2026,547
3905,7/30/2026,360
3906,8/11/2026,365
3907,7/30/2026,365
3912,7/30/2026,360
3918,8/10/2026,380
3919,8/10/2026,380
3920,8/10/2026,380
3923,8/10/2026,380
3924,8/10/2026,380
3968,9/2/2026,1095
3969,7/30/2026,1095
3970,7/22/2026,1095
3971,9/3/2026,1095
3972,7/8/2026,1095
3973,9/3/2026,1095
3974,9/2/2026,1095
3975,7/16/2026,1095
3976,9/3/2026,1095
3977,9/3/2026,1095
3978,8/27/2026,1095
3980,8/5/2026,1095
3981,9/2/2026,1095
3982,9/2/2026,1095
3983,7/1/2026,1095
3984,8/5/2026,1095
3985,9/1/2026,1095
3986,4/10/2026,1095
3987,7/29/2026,1095
3988,5/6/2026,1095
3989,9/1/2026,1095
3990,2/18/2026,1095
3991,4/10/2026,1095
3992,8/27/2026,1095
3993,9/1/2026,1095
3994,8/5/2026,1095
3995,7/16/2026,1095
3996,7/8/2026,1095
3997,3/31/2026,1095
3998,3/27/2025,1095
4000,4/1/2026,1095
4001,5/7/2026,1095
4002,3/20/2025,1095
4004,8/27/2025,1095
4008,4/17/2026,1095
4011,2/18/2026,1095
4014,1/14/2026,1095
4015,3/26/2026,1095
4016,5/6/2026,1095
4017,2/26/2026,1095
4019,3/19/2026,730
4020,4/24/2026,730
4021,4/23/2026,730
4023,7/16/2026,730
4025,9/2/2026,1095
4026,8/5/2026,1095
4027,9/2/2026,1095
4028,5/6/2026,1095
4029,4/4/2025,1095
4031,4/24/2026,1095
4032,4/24/2026,1095
4033,6/25/2026,1095
4034,6/30/2025,1095
4035,5/18/2026,1095
4036,7/20/2026,1095
4037,7/20/2026,1095
4040,9/2/2026,1095
4065,8/11/2025,547
4066,8/11/2025,
4067,8/11/2025,
4068,8/11/2025,
4069,8/11/2025,
4070,8/11/2025,
4071,7/30/2026,243
4072,7/29/2026,243
4073,7/30/2026,243
4163,5/28/2025,730
4164,7/3/2025,730
4200,10/14/2025,1821
4428,9/26/2025,1095
4430,6/30/2026,1095
4757,12/19/2025,
4788,9/24/2024,1095
4789,6/30/2026,1095
4965,7/28/2026,365
5168,10/14/2025,730
5169,3/25/2025,730
5370,9/1/2026,730
5374,7/14/2026,730
5472,8/27/2026,365
5490,5/18/2026,1092
5516,1/22/2026,546
5684,9/15/2023,
5686,9/15/2023,
5704,9/15/2023,
5726,10/10/2023,
5798,2/25/2026,9999
5799,10/14/2025,9999
5808,10/14/2025,9999
5811,2/25/2026,
5812,2/25/2026,
6000,7/28/2026,240
6001,2/25/2026,240
6003,2/25/2026,240
6030,4/22/2026,730
6132,4/22/2026,9999
6134,2/25/2026,9999
6144,7/16/2026,790
6145,7/16/2026,790
6146,7/16/2026,790
6149,3/12/2025,1095
6150,7/28/2026,300
6156,5/7/2026,1095
6191,9/2/2026,1095
6192,9/2/2026,1095
6193,12/10/2025,365
6214,7/30/2026,360
6228,3/30/2026,1095
6252,7/29/2026,730
6269,4/9/2024,
6271,1/22/2026,546
6292,8/20/2026,546
6295,3/11/2025,546
6346,1/22/2026,546
6406,6/25/2026,1095
6408,4/30/2026,1095
6410,4/30/2026,1095
6412,6/25/2026,1095
6413,6/28/2024,546
6425,7/10/2026,730
6482,9/2/2026,546
6551,1/8/2026,365
6553,10/14/2025,365
6555,8/25/2025,365
6557,1/17/2025,
6559,10/14/2025,365
6573,8/31/2026,243
6574,8/31/2026,365
6575,8/31/2026,365
6577,8/31/2026,365
6578,8/31/2026,365
6588,1/22/2026,546
6592,1/22/2026,546
6608,3/26/2026,365
6610,4/16/2026,365
6616,5/29/2026,365
6618,5/29/2026,365
6620,4/3/2026,730
6717,10/31/2025,730
6718,2/25/2026,730
6722,5/21/2026,730
6725,5/21/2026,730
6727,2/25/2026,
6728,2/25/2026,9999
6742,1/22/2026,546
6760,1/22/2026,546
6764,1/22/2026,546
6765,1/22/2026,546
6766,3/14/2025,546
6767,3/14/2025,546
6792,12/3/2025,730
6793,12/3/2025,730
6794,12/3/2025,730
6795,9/3/2026,1821
6796,9/3/2026,1821
6797,7/9/2025,1821
6798,1/8/2026,1821
6799,12/14/2023,1821
6800,12/14/2023,1821
6801,12/14/2023,1821
6802,6/17/2026,1821
6803,9/3/2026,1821
6804,8/25/2025,1821
6806,9/12/2024,730
6812,5/29/2026,365
6814,9/18/2025,
6831,1/22/2026,546
6832,3/11/2025,546
6839,1/22/2026,546
6843,2/12/2025,1095
6860,7/16/2026,546
6865,7/3/2025,730
6866,5/28/2025,730
6867,6/21/2024,730
6868,8/7/2025,730
6869,8/7/2025,730
6871,8/7/2025,730
6872,6/21/2024,730
6875,7/13/2026,365
6883,5/28/2024,730
6885,10/14/2025,
6891,6/30/2026,425
6892,6/30/2026,425
6893,6/30/2026,425
6895,6/30/2026,425
6897,12/3/2024,1095
6898,12/3/2024,1095
6899,12/30/2024,1095
6902,1/30/2026,120
6903,8/31/2026,243
6904,10/23/2025,243
6914,7/23/2026,365
6915,7/30/2026,365
6918,1/22/2026,546
6919,1/22/2026,546
6936,1/22/2026,546
6938,1/22/2026,546
6939,1/22/2026,546
6940,1/22/2026,546
6951,6/11/2026,1095
6953,8/27/2026,364
6956,8/27/2026,364
6959,6/23/2026,364
6960,3/31/2026,364
6961,8/27/2026,364
6965,10/21/2025,364
6966,12/9/2025,364
6967,12/9/2025,364
6968,2/12/2026,364
6969,2/12/2026,364
6970,10/21/2025,364
6971,12/9/2025,364
6972,12/9/2025,364
6974,12/9/2025,364
6977,12/9/2025,364
6978,3/25/2025,730
6979,9/10/2025,730
6983,8/27/2026,364
6985,12/19/2024,364
6986,1/30/2025,364
6994,8/5/2026,364
7007,9/12/2025,364
7009,9/12/2025,364
7011,9/12/2025,364
7016,3/27/2025,547
7017,3/27/2025,546
7023,11/21/2024,9999
7025,11/21/2024,9999
7031,5/7/2026,270
7032,4/22/2026,1095
7033,8/31/2026,243
7034,9/25/2025,243
7047,9/25/2025,364
7048,9/25/2025,364
7049,8/5/2026,364
7052,8/6/2025,364
7053,8/7/2026,365
7054,5/22/2025,420
7055,7/17/2025,420
7056,7/17/2025,420
7058,4/2/2026,360
7061,7/17/2025,360
7062,7/17/2025,420
7063,4/2/2026,420
7064,6/23/2026,420
7065,4/2/2026,360
7066,6/23/2026,360
7069,7/23/2026,9999
7094,4/22/2026,9999
7095,2/25/2026,9999
7096,4/22/2026,9999
7097,2/25/2026,9999
7107,7/30/2026,730
7108,7/30/2026,730
7109,7/30/2026,730
7115,6/22/2026,730
7116,9/1/2026,730
7117,5/16/2025,547
7122,9/29/2025,420
7123,9/29/2025,420
7124,9/10/2025,364
7125,9/10/2025,364
7128,9/10/2025,364
7129,9/10/2025,364
7130,9/10/2025,364
7132,5/16/2025,1821
7143,9/12/2025,364
7145,9/12/2025,364
7149,3/4/2026,240
7161,9/12/2025,364
7166,9/12/2025,364
7181,12/11/2025,730
7182,6/30/2026,1095
7183,6/30/2026,1095
7184,9/5/2025,730
7187,7/29/2026,730
7188,7/28/2026,300
7201,10/8/2025,1095
7203,5/7/2026,540
7225,8/5/2026,
7226,3/9/2026,
7227,10/16/2025,9999
7240,8/27/2025,
7241,8/27/2025,
7242,8/27/2025,
7243,8/27/2025,
7245,9/25/2025,9999
7246,9/25/2025,9999
7247,9/25/2025,9999
7248,9/25/2025,9999
7249,9/8/2025,9999
7250,9/25/2025,9999
7251,9/8/2025,9999
7252,9/25/2025,9999
7257,9/25/2025,9999
7258,9/25/2025,9999
7259,9/25/2025,9999
7275,5/28/2026,
7296,2/5/2026,1095
7309,2/5/2026,
7313,6/24/2026,
7319,4/29/2026,
7320,3/13/2026,1095
7323,8/13/2026,
7324,8/13/2026,
7325,8/13/2026,
7326,8/13/2026,
7327,8/13/2026,547
7329,7/28/2026,364
7343,3/26/2026,
7344,3/26/2026,
7348,8/27/2026,273
7349,8/31/2026,
7350,5/21/2026,546
7351,7/16/2026,546
7353,4/16/2026,
7354,8/20/2026,9999
7355,8/12/2026,365
7359,5/7/2026,1095
7366,6/17/2026,1825
7367,5/20/2026,546
7372,8/27/2026,730
7373,7/30/2026,730
7374,8/27/2026,730
7377,7/16/2026,546
7378,8/27/2026,364
7379,8/27/2026,364
7380,8/20/2026,9999
