Internal ID,Maximum of Date,Maximum of Shelf Life in Days
1059,1/20/2026,546
1156,11/4/2025,730
1157,11/4/2025,730
1158,6/20/2024,
1163,1/23/2026,546
1166,2/19/2026,546
1167,1/23/2026,546
1168,2/13/2025,730
1169,2/18/2026,546
1170,8/2/2024,
1173,2/13/2025,730
1174,1/23/2026,546
1175,12/5/2024,730
1176,8/8/2025,546
1177,2/27/2025,546
1178,12/5/2024,730
1179,1/23/2026,
1180,12/18/2024,
1181,2/13/2025,730
1184,11/6/2025,1825
1185,10/3/2025,1821
1188,2/9/2026,1825
1190,9/29/2025,1825
1192,2/25/2026,300
1194,2/25/2026,300
1535,5/12/2025,730
1810,9/4/2025,730
2028,8/1/2025,546
2063,3/11/2025,546
2070,1/22/2026,546
2082,3/11/2025,546
2088,3/11/2025,546
2196,3/11/2025,546
3376,9/19/2024,
3377,9/19/2024,
3384,10/6/2025,
3385,7/18/2024,
3388,9/19/2024,
3389,10/6/2025,
3390,11/7/2024,
3398,10/6/2025,
3439,11/12/2025,365
3440,9/4/2025,1095
3441,8/6/2025,365
3442,6/23/2025,365
3443,8/6/2025,365
3444,11/12/2025,365
3448,11/26/2025,365
3449,10/30/2025,365
3450,9/9/2025,547
3451,12/11/2025,730
3452,8/14/2025,730
3453,1/9/2026,730
3454,9/25/2025,1080
3455,10/21/2025,365
3456,2/20/2026,547
3457,10/3/2025,1821
3466,1/29/2026,365
3467,1/22/2026,730
3469,2/26/2026,730
3470,6/5/2025,547
3476,10/28/2025,243
3478,12/15/2025,243
3479,10/27/2025,730
3480,2/26/2026,730
3481,2/26/2026,730
3487,2/12/2026,486
3490,3/4/2026,182
3491,1/22/2026,365
3492,2/26/2026,365
3495,1/29/2026,365
3496,1/29/2026,
3515,3/18/2025,1095
3518,1/21/2026,1095
3520,1/21/2026,1095
3529,11/20/2025,1095
3531,2/18/2026,1095
3533,11/27/2025,365
3534,9/24/2025,730
3535,2/25/2026,365
3536,1/21/2026,1095
3540,6/3/2025,365
3543,11/3/2025,1821
3544,11/3/2025,1821
3545,11/3/2025,1821
3546,11/3/2025,1821
3547,11/3/2025,1095
3548,7/1/2025,120
3551,11/3/2025,1821
3552,9/29/2025,1095
3553,9/25/2025,730
3554,1/19/2026,730
3562,11/27/2025,365
3607,5/22/2025,365
3611,10/8/2025,365
3615,9/25/2025,730
3618,9/25/2025,730
3619,9/25/2025,730
3621,9/25/2025,730
3640,2/26/2026,456
3641,9/4/2025,730
3642,2/27/2026,730
3643,2/18/2026,730
3644,2/5/2026,365
3645,11/3/2025,1092
3646,11/3/2025,1092
3649,1/23/2026,730
3650,9/25/2025,730
3651,1/23/2026,1460
3652,6/12/2025,1825
3654,4/17/2025,1095
3656,2/27/2026,730
3657,1/15/2026,730
3658,3/5/2026,730
3659,9/3/2025,730
3660,1/15/2026,730
3661,3/5/2026,730
3662,7/18/2025,547
3663,11/3/2025,1457
3664,11/3/2025,1095
3666,8/21/2025,728
3667,3/9/2026,1216
3668,3/9/2026,1216
3670,9/22/2025,1095
3671,1/15/2026,730
3672,3/3/2026,730
3673,1/15/2026,730
3674,3/3/2026,730
3676,9/3/2025,728
3677,4/11/2025,730
3678,11/27/2025,730
3679,1/15/2026,728
3682,9/25/2025,1080
3689,2/23/2026,1095
3690,10/16/2025,730
3691,11/16/2023,730
3692,9/16/2025,1095
3693,9/24/2025,1581
3694,11/25/2025,1080
3696,9/24/2025,1825
3706,2/25/2026,300
3707,2/25/2026,300
3713,1/15/2025,300
3718,2/25/2026,240
3719,2/25/2026,240
3726,12/10/2025,365
3727,2/17/2026,365
3728,11/18/2025,365
3731,2/17/2026,365
3732,2/17/2026,365
3733,12/10/2025,365
3734,2/17/2026,365
3746,1/22/2026,546
3763,1/22/2026,546
3799,1/22/2026,546
3813,1/22/2026,546
3828,1/22/2026,546
3838,1/22/2026,546
3848,6/17/2025,730
3849,4/18/2025,730
3850,3/25/2025,730
3853,3/25/2025,730
3854,6/17/2025,730
3856,3/25/2025,730
3858,1/27/2026,730
3859,1/27/2026,730
3860,10/31/2025,730
3865,9/24/2025,1825
3869,2/26/2026,365
3870,2/23/2026,365
3876,1/4/2026,360
3877,2/18/2026,365
3878,2/18/2026,365
3880,1/30/2026,365
3883,10/6/2025,1095
3885,10/6/2025,1095
3886,10/6/2025,1095
3887,10/6/2025,1095
3888,10/6/2025,1095
3890,3/6/2026,790
3891,1/8/2026,790
3892,1/8/2026,790
3893,1/30/2026,851
3894,3/6/2026,790
3895,3/6/2026,790
3896,3/6/2026,790
3897,3/6/2026,790
3898,3/6/2026,790
3899,11/5/2025,790
3900,1/30/2026,547
3901,9/29/2025,365
3905,3/5/2026,360
3906,1/4/2026,365
3907,3/5/2026,365
3912,3/5/2026,360
3918,1/19/2026,380
3919,3/9/2026,380
3920,3/9/2026,380
3922,10/30/2025,
3923,3/9/2026,380
3924,3/9/2026,380
3968,1/29/2026,1095
3969,2/25/2026,1095
3970,2/5/2026,1095
3971,3/6/2026,1095
3972,3/6/2026,1095
3973,1/29/2026,1095
3974,3/9/2026,1095
3975,2/25/2026,1095
3976,1/29/2026,1095
3977,3/9/2026,1095
3978,2/18/2026,1095
3980,1/20/2026,1095
3981,1/21/2026,1095
3982,1/14/2026,1095
3983,2/25/2026,1095
3984,3/6/2026,1095
3985,3/9/2026,1095
3986,2/5/2026,1095
3987,3/9/2026,1095
3988,1/7/2026,1095
3989,3/9/2026,1095
3990,2/18/2026,1095
3991,1/7/2026,1095
3992,3/9/2026,1095
3993,1/8/2026,1095
3994,2/18/2026,1095
3995,2/18/2026,1095
3996,2/5/2026,1095
3997,3/13/2025,1095
3998,3/27/2025,1095
4000,2/26/2026,1095
4001,9/24/2025,1095
4002,3/20/2025,1095
4004,8/27/2025,1095
4005,7/2/2025,1095
4008,6/26/2025,1095
4011,2/18/2026,1095
4014,1/14/2026,1095
4015,2/26/2026,1095
4016,2/26/2026,1095
4017,2/26/2026,1095
4019,3/9/2026,730
4020,1/7/2026,730
4021,2/26/2026,730
4023,2/13/2026,730
4025,10/30/2025,1095
4026,1/14/2026,1095
4027,6/26/2025,1095
4028,1/14/2026,1095
4029,4/4/2025,1095
4031,2/13/2026,1095
4032,11/4/2025,1095
4033,2/13/2026,1095
4034,6/30/2025,1095
4035,2/27/2026,1095
4036,2/27/2026,1095
4037,2/2/2026,1095
4040,1/8/2026,1095
4069,8/11/2025,
4071,9/29/2025,243
4072,9/29/2025,243
4073,8/21/2025,243
4163,5/28/2025,730
4164,7/3/2025,730
4200,10/14/2025,
4428,9/26/2025,1095
4430,9/26/2025,1095
4756,12/19/2025,
4757,12/19/2025,
4788,9/24/2024,1095
4789,9/26/2025,1095
4965,2/19/2026,365
5168,10/14/2025,730
5169,3/25/2025,730
5370,2/27/2026,730
5374,2/27/2026,730
5472,2/26/2026,365
5490,9/4/2025,1092
5501,1/22/2026,546
5516,1/22/2026,546
5684,9/15/2023,
5686,9/15/2023,
5704,9/15/2023,
5726,10/10/2023,
5798,2/25/2026,9999
5799,10/14/2025,9999
5808,10/14/2025,9999
5811,2/25/2026,
5812,2/25/2026,
6000,2/25/2026,240
6001,2/25/2026,240
6003,2/25/2026,240
6030,2/25/2026,730
6132,2/25/2026,9999
6134,2/25/2026,9999
6144,3/6/2026,790
6145,3/6/2026,790
6146,3/6/2026,790
6149,3/12/2025,1095
6150,2/25/2026,300
6191,1/8/2026,1095
6192,2/18/2026,1095
6193,12/10/2025,365
6214,3/5/2026,360
6228,12/11/2025,1095
6236,3/24/2025,365
6252,1/29/2026,730
6271,1/22/2026,546
6292,3/11/2025,546
6295,3/11/2025,546
6304,6/28/2024,546
6346,1/22/2026,546
6347,3/14/2025,546
6406,9/18/2025,1095
6408,5/9/2025,1095
6410,9/18/2025,1095
6412,5/9/2025,1095
6425,1/29/2026,730
6482,7/9/2025,546
6551,1/8/2026,365
6553,10/14/2025,365
6555,8/25/2025,365
6559,10/14/2025,365
6573,10/23/2025,243
6574,10/20/2025,365
6575,10/23/2025,365
6577,10/20/2025,365
6578,10/20/2025,365
6588,1/22/2026,546
6592,1/22/2026,546
6608,9/12/2025,365
6610,9/12/2025,365
6616,12/3/2025,365
6618,5/29/2025,365
6620,8/21/2025,730
6717,10/31/2025,730
6718,2/25/2026,730
6719,2/20/2025,730
6721,3/24/2025,730
6722,11/20/2025,730
6725,2/25/2026,730
6727,2/25/2026,
6728,2/25/2026,9999
6742,1/22/2026,546
6760,1/22/2026,546
6764,1/22/2026,546
6765,1/22/2026,546
6766,3/14/2025,546
6767,3/14/2025,546
6780,3/14/2025,546
6792,12/3/2025,730
6793,12/3/2025,730
6794,12/3/2025,730
6795,1/20/2026,1821
6796,1/20/2026,1821
6797,7/9/2025,1821
6798,1/8/2026,1821
6799,12/14/2023,1821
6800,12/14/2023,1821
6801,12/14/2023,1821
6802,11/30/2023,1821
6803,2/18/2026,1821
6804,8/25/2025,1821
6806,9/12/2024,730
6812,2/18/2026,365
6814,9/18/2025,
6827,3/11/2025,546
6831,1/22/2026,546
6832,3/11/2025,546
6839,1/22/2026,546
6843,2/12/2025,1095
6860,2/9/2026,546
6861,2/24/2025,240
6862,1/21/2025,547
6865,7/3/2025,730
6866,5/28/2025,730
6867,6/21/2024,730
6868,8/7/2025,730
6869,8/7/2025,730
6871,8/7/2025,730
6872,6/21/2024,730
6875,1/22/2026,365
6883,5/28/2024,730
6891,9/22/2025,425
6892,9/22/2025,425
6893,9/22/2025,425
6895,9/22/2025,425
6897,12/3/2024,1095
6898,12/3/2024,1095
6899,12/30/2024,1095
6902,1/30/2026,120
6903,10/20/2025,243
6904,10/23/2025,243
6914,2/27/2026,365
6915,2/27/2026,365
6917,3/11/2025,546
6918,1/22/2026,546
6919,1/22/2026,546
6936,1/22/2026,546
6938,1/22/2026,546
6939,1/22/2026,546
6940,1/22/2026,546
6951,3/9/2026,1095
6953,2/12/2026,364
6956,2/12/2026,364
6959,2/12/2026,364
6960,2/19/2026,364
6961,2/19/2026,364
6965,10/21/2025,364
6966,12/9/2025,364
6967,12/9/2025,364
6968,2/12/2026,364
6969,2/12/2026,364
6970,10/21/2025,364
6971,12/9/2025,364
6972,12/9/2025,364
6974,12/9/2025,364
6977,12/9/2025,364
6978,3/25/2025,730
6979,9/10/2025,730
6985,12/19/2024,364
6994,8/5/2025,364
7007,9/12/2025,364
7009,9/12/2025,364
7011,9/12/2025,364
7015,8/5/2025,364
7016,3/27/2025,547
7017,3/27/2025,546
7018,11/25/2024,
7023,11/21/2024,9999
7025,11/21/2024,9999
7031,9/26/2025,270
7032,7/3/2025,1095
7033,10/23/2025,243
7034,9/25/2025,243
7047,9/25/2025,364
7048,9/25/2025,364
7049,9/25/2025,364
7053,11/26/2025,365
7054,5/22/2025,420
7055,7/17/2025,420
7056,7/17/2025,420
7057,5/22/2025,360
7058,5/22/2025,360
7059,5/22/2025,420
7060,5/22/2025,420
7061,7/17/2025,360
7062,7/17/2025,420
7063,1/7/2026,420
7064,9/17/2025,420
7065,9/17/2025,360
7066,9/17/2025,360
7069,5/23/2025,9999
7094,2/25/2026,9999
7095,2/25/2026,9999
7096,2/25/2026,9999
7097,2/25/2026,9999
7107,11/4/2025,730
7108,11/4/2025,730
7109,7/3/2025,730
7115,9/24/2025,730
7116,9/17/2025,730
7117,5/16/2025,547
7122,9/29/2025,420
7123,9/29/2025,420
7124,9/10/2025,364
7125,9/10/2025,364
7128,9/10/2025,364
7129,9/10/2025,364
7130,9/10/2025,364
7132,5/16/2025,1821
7143,9/12/2025,364
7145,9/12/2025,364
7149,3/4/2026,240
7161,9/12/2025,364
7166,9/12/2025,364
7172,6/30/2025,420
7173,6/30/2025,420
7175,9/29/2025,420
7176,9/29/2025,420
7181,12/11/2025,730
7182,9/25/2025,1095
7183,9/25/2025,1095
7184,9/5/2025,730
7187,1/29/2026,730
7188,1/7/2026,300
7201,10/8/2025,1095
7203,2/19/2026,540
7225,3/9/2026,
7226,3/9/2026,
7227,10/16/2025,9999
7240,8/27/2025,
7241,8/27/2025,
7242,8/27/2025,
7243,8/27/2025,
7245,9/25/2025,9999
7246,9/25/2025,9999
7247,9/25/2025,9999
7248,9/25/2025,9999
7249,9/8/2025,9999
7250,9/25/2025,9999
7251,9/8/2025,9999
7252,9/25/2025,9999
7255,9/25/2025,420
7257,9/25/2025,9999
7258,9/25/2025,9999
7259,9/25/2025,9999
7275,1/27/2026,
7296,2/5/2026,1095
7297,3/9/2026,
7300,1/22/2026,546
7301,1/22/2026,360
7302,1/22/2026,360
7303,1/22/2026,546
7304,1/22/2026,546
7309,2/5/2026,
